<?xml version="1.0" encoding="UTF-8"?>
<workflow-app xmlns="uri:oozie:workflow:0.2" name="initialload">
 <start to="sqoop-branch-node"/>
 <action name="sqoop-branch-node"> <!--node name-->
	 <sqoop xmlns="uri:oozie:sqoop-action:0.2">
		 <job-tracker>${jobTracker}</job-tracker> <!--job tracking node is http://sandbox.hortonwor	ks.com:8050 which is define in job properties-->
		 <name-node>${nameNode}</name-node> <!--name node is http://sandbox.hortonworks.com:8020 which is defined in job properties-->
		 <prepare>
		 <delete path="${nameNode}/user/maria_dev/Credit_Card_System"/>
		 </prepare>
		 <configuration>
		 <property>
		 <name>mapred.job.queue.name</name>
		 <value>${queueName}</value>
		  </property>
		 </configuration>
		<command>job --meta-connect jdbc:hsqldb:hsql://localhost:16000/sqoop -exec cdw_sapp_branch_initial_job</command>
		<archive>/user/oozie/share/lib/lib_20161025075203/sqoop/java-json.jar#java-json.jar</archive>
    		</sqoop>
		<ok to="sqoop-creditcard-node"/>
	    <error to="fail"/>
    </action>
    <action name="sqoop-creditcard-node"> <!--node name-->
	 <sqoop xmlns="uri:oozie:sqoop-action:0.2">
		 <job-tracker>${jobTracker}</job-tracker> <!--job tracking node is http://sandbox.hortonwor	ks.com:8050 which is define in job properties-->
		 <name-node>${nameNode}</name-node> <!--name node is http://sandbox.hortonworks.com:8020 which is defined in job properties-->
		 <prepare>
		 <mkdir path="${nameNode}/user/maria_dev/Credit_Card_System/"/>
		 </prepare>
		 <configuration>
		 <property>
		 <name>mapred.job.queue.name</name>
		 <value>${queueName}</value>
		  </property>
		 </configuration>
		<command>job --meta-connect jdbc:hsqldb:hsql://localhost:16000/sqoop -exec cdw_sapp_creditcard_initial_job</command>
		<archive>/user/oozie/share/lib/lib_20161025075203/sqoop/java-json.jar#java-json.jar</archive>
    		</sqoop>
		<ok to="sqoop-customer-node"/>
	    <error to="fail"/>
    </action>
    <action name="sqoop-customer-node"> <!--node name-->
	 <sqoop xmlns="uri:oozie:sqoop-action:0.2">
		 <job-tracker>${jobTracker}</job-tracker> <!--job tracking node is http://sandbox.hortonwor	ks.com:8050 which is define in job properties-->
		 <name-node>${nameNode}</name-node> <!--name node is http://sandbox.hortonworks.com:8020 which is defined in job properties-->
		 <prepare>
		 <mkdir path="${nameNode}/user/maria_dev/Credit_Card_System/"/>
		 </prepare>
		 <configuration>
		 <property>
		 <name>mapred.job.queue.name</name>
		 <value>${queueName}</value>
		  </property>
		 </configuration>
		<command>job --meta-connect jdbc:hsqldb:hsql://localhost:16000/sqoop -exec cdw_sapp_customer_initial_job</command>
		<archive>/user/oozie/share/lib/lib_20161025075203/sqoop/java-json.jar#java-json.jar</archive>
    </sqoop>
		<ok to="hive-create-staging_node"/>
	    <error to="fail"/>
    </action>
	<action name="hive-create-staging_node">
	  <hive xmlns="uri:oozie:hive-action:0.2">
		<job-tracker>${jobTracker}</job-tracker>
		<name-node>${nameNode}</name-node>
		<prepare>
		 <delete path="${nameNode}/user/maria_dev/CDW_SAPP"/>
		</prepare>
		<configuration>
		<property>
		<name>mapred.job.queue.name</name>
		<value>${queueName}</value>
		</property>
		</configuration>
		<script>stagingtables.hive</script>
	</hive>
	<ok to="hive-truncate-staging-node"/>
	<error to="fail"/>
    </action>
    <action name="hive-truncate-staging-node">
	    <hive xmlns="uri:oozie:hive-action:0.2">
		<job-tracker>${jobTracker}</job-tracker>
		<name-node>${nameNode}</name-node>
		<configuration>
		<property>
		<name>mapred.job.queue.name</name>
		<value>${queueName}</value>
		</property>
		</configuration>
		<script>truncatestaging.hive</script>
	</hive>
	<ok to="hive-load-staging-node"/>
	<error to="fail"/>
    </action>
    <action name="hive-load-staging-node">
	    <hive xmlns="uri:oozie:hive-action:0.2">
		<job-tracker>${jobTracker}</job-tracker>
		<name-node>${nameNode}</name-node>
		<configuration>
		<property>
		<name>mapred.job.queue.name</name>
		<value>${queueName}</value>
		</property>
		</configuration>
		<script>loaddatastaging.hive</script>
	</hive>
	<ok to="hive-create-external-node"/>
	<error to="fail"/>
    </action>
    <action name="hive-create-external-node">
	    <hive xmlns="uri:oozie:hive-action:0.2">
		<job-tracker>${jobTracker}</job-tracker>
		<name-node>${nameNode}</name-node>
		<configuration>
		<property>
		<name>mapred.job.queue.name</name>
		<value>${queueName}</value>
		</property>
		</configuration>
		<script>external.hive</script>
	</hive>
	<ok to="hive-load-external-node"/>
	<error to="fail"/>
    </action>
     <action name="hive-load-external-node">
	    <hive xmlns="uri:oozie:hive-action:0.2">
		<job-tracker>${jobTracker}</job-tracker>
		<name-node>${nameNode}</name-node>
		<configuration>
		<property>
		<name>mapred.job.queue.name</name>
		<value>${queueName}</value>
		</property>
		</configuration>
		<script>loaddataexternal.hive</script>
	</hive>
	<ok to="end"/>
	<error to="fail"/>
    </action>
 <kill name="fail">
 <message>Sqoop failed, error message[${wf:errorMessage(wf:lastErrorNode())}]</message>
 </kill>
 <end name="end"/>
</workflow-app>
