<coordinator-app name="Credit Card Schedule" xmlns = "uri:oozie:coordinator:0.2" frequency = "0/20 12-21 ? * 2-6" start = "2018-06-05T12:00Z" end = "2025-03-29T22:00Z" timezone = "America/New_York">
 <controls>
 <timeout>1</timeout>
 <concurrency>1</concurrency>
 <execution>FIFO</execution>
 <throttle>1</throttle>
 </controls>
 <action>
  <workflow>
 <app-path>${nameNode}/user/maria_dev/initialload/workflow_initial_load.xml</app-path>
  <configuration> 
 <property> 
 <name>queueName</name> 
 <value>default</value> 
 </property> 
 </configuration> 
 </workflow>
 </action>
</coordinator-app>